question,answer
How many times does the letter 'a' appear in the word 'optimal'?,1
How many times does the letter 'n' appear in the word 'ion'?,1
How many times does the letter 'n' appear in the word 'coins'?,1
How many times does the letter 'a' appear in the word 'jackie'?,1
How many times does the letter 't' appear in the word 'informative'?,1
How many times does the letter 'n' appear in the word 'owns'?,1
How many times does the letter 'e' appear in the word 'aspnet'?,1
How many times does the letter 's' appear in the word 'lists'?,2
How many times does the letter 'g' appear in the word 'page'?,1
How many times does the letter 'a' appear in the word 'apartment'?,2
How many times does the letter 'p' appear in the word 'dp'?,1
How many times does the letter 'r' appear in the word 'representation'?,2
How many times does the letter 'l' appear in the word 'look'?,1
How many times does the letter 'e' appear in the word 'milfhunter'?,1
How many times does the letter 'g' appear in the word 'guide'?,1
How many times does the letter 'b' appear in the word 'noble'?,1
How many times does the letter 's' appear in the word 'assessed'?,4
How many times does the letter 'l' appear in the word 'xl'?,1
How many times does the letter 'c' appear in the word 'protected'?,1
How many times does the letter 'l' appear in the word 'silent'?,1
How many times does the letter 'o' appear in the word 'wow'?,1
How many times does the letter 's' appear in the word 'custom'?,1
How many times does the letter 'i' appear in the word 'intervention'?,2
How many times does the letter 't' appear in the word 'vat'?,1
How many times does the letter 's' appear in the word 'knowledgestorm'?,1
How many times does the letter 'w' appear in the word 'www'?,3
How many times does the letter 's' appear in the word 'considers'?,2
How many times does the letter 'a' appear in the word 'smaller'?,1
How many times does the letter 'a' appear in the word 'phantom'?,1
How many times does the letter 'o' appear in the word 'technology'?,2
How many times does the letter 'a' appear in the word 'always'?,2
How many times does the letter 'i' appear in the word 'diy'?,1
How many times does the letter 'i' appear in the word 'interim'?,2
How many times does the letter 's' appear in the word 'knows'?,1
How many times does the letter 'a' appear in the word 'southampton'?,1
How many times does the letter 's' appear in the word 'famous'?,1
How many times does the letter 't' appear in the word 'merit'?,1
How many times does the letter 'a' appear in the word 'aka'?,2
How many times does the letter 'o' appear in the word 'groups'?,1
How many times does the letter 'h' appear in the word 'physics'?,1
How many times does the letter 'i' appear in the word 'mediterranean'?,1
How many times does the letter 'e' appear in the word 'acceptance'?,2
How many times does the letter 'i' appear in the word 'specialties'?,2
How many times does the letter 'e' appear in the word 'charitable'?,1
How many times does the letter 'i' appear in the word 'typically'?,1
How many times does the letter 'c' appear in the word 'access'?,2
How many times does the letter 'e' appear in the word 'jose'?,1
How many times does the letter 'w' appear in the word 'findlaw'?,1
How many times does the letter 'o' appear in the word 'colonial'?,2
How many times does the letter 'a' appear in the word 'data'?,2
How many times does the letter 'u' appear in the word 'futures'?,2
How many times does the letter 'o' appear in the word 'sole'?,1
How many times does the letter 'l' appear in the word 'landscape'?,1
How many times does the letter 'r' appear in the word 'showers'?,1
How many times does the letter 'y' appear in the word 'enjoyed'?,1
How many times does the letter 'u' appear in the word 'secure'?,1
How many times does the letter 'i' appear in the word 'enquiry'?,1
How many times does the letter 'w' appear in the word 'wallet'?,1
How many times does the letter 'd' appear in the word 'dick'?,1
How many times does the letter 'd' appear in the word 'directors'?,1
How many times does the letter 'e' appear in the word 'bubble'?,1
How many times does the letter 's' appear in the word 'self'?,1
How many times does the letter 'm' appear in the word 'nottingham'?,1
How many times does the letter 'a' appear in the word 'actual'?,2
How many times does the letter 'n' appear in the word 'canberra'?,1
How many times does the letter 's' appear in the word 'sir'?,1
How many times does the letter 't' appear in the word 'draft'?,1
How many times does the letter 's' appear in the word 'wellness'?,2
How many times does the letter 'o' appear in the word 'operate'?,1
How many times does the letter 'e' appear in the word 'eddie'?,2
How many times does the letter 'l' appear in the word 'luke'?,1
How many times does the letter 'b' appear in the word 'basics'?,1
How many times does the letter 's' appear in the word 'follows'?,1
How many times does the letter 'd' appear in the word 'educated'?,2
How many times does the letter 'e' appear in the word 'elections'?,2
How many times does the letter 'g' appear in the word 'sing'?,1
How many times does the letter 'h' appear in the word 'bitch'?,1
How many times does the letter 'p' appear in the word 'plane'?,1
How many times does the letter 's' appear in the word 'stuck'?,1
How many times does the letter 'n' appear in the word 'continuing'?,3
How many times does the letter 't' appear in the word 'titled'?,2
How many times does the letter 'd' appear in the word 'bind'?,1
How many times does the letter 'n' appear in the word 'magnificent'?,2
How many times does the letter 'l' appear in the word 'glasses'?,1
How many times does the letter 's' appear in the word 'muscle'?,1
How many times does the letter 'e' appear in the word 'evaluating'?,1
How many times does the letter 'c' appear in the word 'facial'?,1
How many times does the letter 'l' appear in the word 'endless'?,1
How many times does the letter 'r' appear in the word 'throwing'?,1
How many times does the letter 's' appear in the word 'sad'?,1
How many times does the letter 'e' appear in the word 'remarkable'?,2
How many times does the letter 'e' appear in the word 'security'?,1
How many times does the letter 't' appear in the word 'trigger'?,1
How many times does the letter 'm' appear in the word 'boom'?,1
How many times does the letter 'e' appear in the word 'events'?,2
How many times does the letter 'd' appear in the word 'gender'?,1
How many times does the letter 'n' appear in the word 'transparent'?,2
How many times does the letter 's' appear in the word 'satisfactory'?,2
How many times does the letter 'r' appear in the word 'resorts'?,2
How many times does the letter 'i' appear in the word 'rapid'?,1
How many times does the letter 'g' appear in the word 'bangkok'?,1
How many times does the letter 'i' appear in the word 'latin'?,1
How many times does the letter 'e' appear in the word 'keyword'?,1
How many times does the letter 'i' appear in the word 'shipments'?,1
How many times does the letter 'w' appear in the word 'powered'?,1
How many times does the letter 'c' appear in the word 'cradle'?,1
How many times does the letter 'o' appear in the word 'complications'?,2
How many times does the letter 'n' appear in the word 'scanned'?,2
How many times does the letter 't' appear in the word 'township'?,1
How many times does the letter 'e' appear in the word 'deaths'?,1
How many times does the letter 'u' appear in the word 'measures'?,1
How many times does the letter 'o' appear in the word 'poems'?,1
How many times does the letter 'g' appear in the word 'guild'?,1
How many times does the letter 'e' appear in the word 'breast'?,1
How many times does the letter 'n' appear in the word 'surround'?,1
How many times does the letter 'd' appear in the word 'handles'?,1
How many times does the letter 's' appear in the word 'rights'?,1
How many times does the letter 'e' appear in the word 'bangladesh'?,1
How many times does the letter 'd' appear in the word 'debt'?,1
How many times does the letter 'y' appear in the word 'hardly'?,1
How many times does the letter 'a' appear in the word 'ranch'?,1
How many times does the letter 'h' appear in the word 'ho'?,1
How many times does the letter 'm' appear in the word 'seem'?,1
How many times does the letter 'a' appear in the word 'netherlands'?,1
How many times does the letter 'f' appear in the word 'farmers'?,1
How many times does the letter 'r' appear in the word 'irc'?,1
How many times does the letter 'l' appear in the word 'feels'?,1
How many times does the letter 'h' appear in the word 'harrison'?,1
How many times does the letter 'n' appear in the word 'traditions'?,1
How many times does the letter 'n' appear in the word 'burn'?,1
How many times does the letter 'i' appear in the word 'original'?,2
How many times does the letter 't' appear in the word 'estimates'?,2
How many times does the letter 'e' appear in the word 'are'?,1
How many times does the letter 'w' appear in the word 'moscow'?,1
How many times does the letter 'i' appear in the word 'singh'?,1
How many times does the letter 'e' appear in the word 'usage'?,1
How many times does the letter 'd' appear in the word 'activated'?,1
How many times does the letter 'a' appear in the word 'places'?,1
How many times does the letter 'g' appear in the word 'charging'?,2
How many times does the letter 'l' appear in the word 'talent'?,1
How many times does the letter 't' appear in the word 'adaptor'?,1
How many times does the letter 'y' appear in the word 'sally'?,1
How many times does the letter 't' appear in the word 'penetration'?,2
How many times does the letter 'c' appear in the word 'accept'?,2
How many times does the letter 't' appear in the word 'scott'?,2
How many times does the letter 't' appear in the word 'potatoes'?,2
How many times does the letter 'p' appear in the word 'map'?,1
How many times does the letter 'b' appear in the word 'bosnia'?,1
How many times does the letter 'f' appear in the word 'cardiff'?,2
How many times does the letter 'g' appear in the word 'jaguar'?,1
How many times does the letter 'a' appear in the word 'nicaragua'?,3
How many times does the letter 'i' appear in the word 'nominated'?,1
How many times does the letter 'a' appear in the word 'geographical'?,2
How many times does the letter 't' appear in the word 'stan'?,1
How many times does the letter 'l' appear in the word 'longer'?,1
How many times does the letter 'e' appear in the word 'present'?,2
How many times does the letter 'w' appear in the word 'lowest'?,1
How many times does the letter 'c' appear in the word 'acc'?,2
How many times does the letter 'n' appear in the word 'miniature'?,1
How many times does the letter 'i' appear in the word 'il'?,1
How many times does the letter 'm' appear in the word 'academics'?,1
How many times does the letter 'g' appear in the word 'hiring'?,1
How many times does the letter 'e' appear in the word 'requests'?,2
How many times does the letter 'c' appear in the word 'bacterial'?,1
How many times does the letter 'o' appear in the word 'cooking'?,2
How many times does the letter 'a' appear in the word 'acts'?,1
How many times does the letter 'r' appear in the word 'waiver'?,1
How many times does the letter 't' appear in the word 'territories'?,2
How many times does the letter 'r' appear in the word 'services'?,1
How many times does the letter 's' appear in the word 'cumshots'?,2
How many times does the letter 'd' appear in the word 'blend'?,1
How many times does the letter 'r' appear in the word 'urls'?,1
How many times does the letter 'p' appear in the word 'protocol'?,1
How many times does the letter 't' appear in the word 'port'?,1
How many times does the letter 'a' appear in the word 'analyst'?,2
How many times does the letter 'l' appear in the word 'alpha'?,1
How many times does the letter 'd' appear in the word 'discussing'?,1
How many times does the letter 'k' appear in the word 'think'?,1
How many times does the letter 'e' appear in the word 'influence'?,2
How many times does the letter 'a' appear in the word 'nasty'?,1
How many times does the letter 'i' appear in the word 'sophisticated'?,2
How many times does the letter 's' appear in the word 'es'?,1
How many times does the letter 'm' appear in the word 'missions'?,1
How many times does the letter 't' appear in the word 'gotten'?,2
How many times does the letter 'i' appear in the word 'marina'?,1
How many times does the letter 'c' appear in the word 'secret'?,1
How many times does the letter 'e' appear in the word 'athletics'?,1
How many times does the letter 'a' appear in the word 'rarely'?,1
How many times does the letter 'd' appear in the word 'detective'?,1
How many times does the letter 'y' appear in the word 'away'?,1
How many times does the letter 'o' appear in the word 'sponsors'?,2
How many times does the letter 'e' appear in the word 'easy'?,1
How many times does the letter 'o' appear in the word 'horror'?,2
How many times does the letter 't' appear in the word 'efficient'?,1
How many times does the letter 'f' appear in the word 'shelf'?,1
How many times does the letter 'f' appear in the word 'info'?,1
How many times does the letter 'n' appear in the word 'cabinets'?,1
How many times does the letter 'e' appear in the word 'everyone'?,3
How many times does the letter 't' appear in the word 'bit'?,1
How many times does the letter 'r' appear in the word 'grab'?,1
How many times does the letter 'n' appear in the word 'listening'?,2
How many times does the letter 'e' appear in the word 'technologies'?,2
How many times does the letter 'y' appear in the word 'albany'?,1
How many times does the letter 'e' appear in the word 'general'?,2
How many times does the letter 'e' appear in the word 'travels'?,1
How many times does the letter 'a' appear in the word 'apr'?,1
How many times does the letter 's' appear in the word 'se'?,1
How many times does the letter 'n' appear in the word 'argument'?,1
How many times does the letter 'a' appear in the word 'spank'?,1
How many times does the letter 'e' appear in the word 'altered'?,2
How many times does the letter 'e' appear in the word 'expect'?,2
How many times does the letter 'c' appear in the word 'secretary'?,1
How many times does the letter 'r' appear in the word 'renew'?,1
How many times does the letter 'o' appear in the word 'wholesale'?,1
How many times does the letter 'e' appear in the word 'lingerie'?,2
How many times does the letter 'h' appear in the word 'sheer'?,1
How many times does the letter 'e' appear in the word 'peace'?,2
How many times does the letter 'l' appear in the word 'portable'?,1
How many times does the letter 'a' appear in the word 'safari'?,2
How many times does the letter 'o' appear in the word 'douglas'?,1
How many times does the letter 'a' appear in the word 'say'?,1
How many times does the letter 'a' appear in the word 'oral'?,1
How many times does the letter 'i' appear in the word 'ski'?,1
How many times does the letter 'b' appear in the word 'buyers'?,1
How many times does the letter 'e' appear in the word 'unable'?,1
How many times does the letter 'm' appear in the word 'him'?,1
How many times does the letter 's' appear in the word 'separately'?,1
How many times does the letter 'l' appear in the word 'regardless'?,1
How many times does the letter 'r' appear in the word 'figure'?,1
How many times does the letter 'e' appear in the word 'make'?,1
How many times does the letter 'r' appear in the word 'biography'?,1
How many times does the letter 'g' appear in the word 'anthropology'?,1
How many times does the letter 'd' appear in the word 'modifications'?,1
How many times does the letter 'p' appear in the word 'plugin'?,1
How many times does the letter 'i' appear in the word 'if'?,1
How many times does the letter 'i' appear in the word 'listed'?,1
How many times does the letter 'a' appear in the word 'brass'?,1
How many times does the letter 'd' appear in the word 'docs'?,1
How many times does the letter 'p' appear in the word 'patio'?,1
How many times does the letter 'a' appear in the word 'taxation'?,2
How many times does the letter 's' appear in the word 'sand'?,1
How many times does the letter 'i' appear in the word 'ferrari'?,1
How many times does the letter 'm' appear in the word 'acm'?,1
How many times does the letter 'r' appear in the word 'inter'?,1
How many times does the letter 'r' appear in the word 'carry'?,2
How many times does the letter 'r' appear in the word 'charger'?,2
How many times does the letter 'r' appear in the word 'parts'?,1
How many times does the letter 's' appear in the word 'eos'?,1
How many times does the letter 'n' appear in the word 'engage'?,1
How many times does the letter 'j' appear in the word 'joshua'?,1
How many times does the letter 's' appear in the word 'sat'?,1
How many times does the letter 't' appear in the word 'act'?,1
How many times does the letter 's' appear in the word 'usd'?,1
How many times does the letter 'n' appear in the word 'phenomenon'?,3
How many times does the letter 's' appear in the word 'incest'?,1
How many times does the letter 'e' appear in the word 'reverse'?,3
How many times does the letter 'g' appear in the word 'gi'?,1
How many times does the letter 'o' appear in the word 'watson'?,1
How many times does the letter 'm' appear in the word 'humanitarian'?,1
How many times does the letter 'b' appear in the word 'feedback'?,1
How many times does the letter 'a' appear in the word 'jamaica'?,3
How many times does the letter 'a' appear in the word 'ranks'?,1
How many times does the letter 'n' appear in the word 'transport'?,1
How many times does the letter 'c' appear in the word 'declared'?,1
How many times does the letter 't' appear in the word 'bristol'?,1
How many times does the letter 'm' appear in the word 'mime'?,2
How many times does the letter 'd' appear in the word 'shed'?,1
How many times does the letter 'n' appear in the word 'knives'?,1
How many times does the letter 'z' appear in the word 'freeze'?,1
How many times does the letter 'l' appear in the word 'childhood'?,1
How many times does the letter 'e' appear in the word 'headers'?,2
How many times does the letter 's' appear in the word 'tissue'?,2
How many times does the letter 'o' appear in the word 'tucson'?,1
How many times does the letter 'a' appear in the word 'stranger'?,1
How many times does the letter 's' appear in the word 'basement'?,1
How many times does the letter 'i' appear in the word 'multiple'?,1
How many times does the letter 'h' appear in the word 'rh'?,1
How many times does the letter 'c' appear in the word 'chronicles'?,2
How many times does the letter 'e' appear in the word 'released'?,3
How many times does the letter 'n' appear in the word 'lone'?,1
How many times does the letter 't' appear in the word 'qualifications'?,1
How many times does the letter 'c' appear in the word 'acres'?,1
How many times does the letter 'f' appear in the word 'surf'?,1
How many times does the letter 'e' appear in the word 'website'?,2
How many times does the letter 'z' appear in the word 'uzbekistan'?,1
How many times does the letter 'p' appear in the word 'poland'?,1
How many times does the letter 't' appear in the word 'fitting'?,2
How many times does the letter 'l' appear in the word 'cumulative'?,1
How many times does the letter 'u' appear in the word 'dual'?,1
How many times does the letter 'e' appear in the word 'imported'?,1
How many times does the letter 'l' appear in the word 'mills'?,2
How many times does the letter 'q' appear in the word 'questions'?,1
How many times does the letter 'a' appear in the word 'space'?,1
How many times does the letter 'u' appear in the word 'course'?,1
How many times does the letter 'e' appear in the word 'seller'?,2
How many times does the letter 'r' appear in the word 'periods'?,1
How many times does the letter 'r' appear in the word 'ring'?,1
How many times does the letter 'o' appear in the word 'odd'?,1
How many times does the letter 'c' appear in the word 'channel'?,1
How many times does the letter 'r' appear in the word 'ron'?,1
How many times does the letter 'o' appear in the word 'publications'?,1
How many times does the letter 'a' appear in the word 'catholic'?,1
How many times does the letter 'n' appear in the word 'planets'?,1
How many times does the letter 'f' appear in the word 'fees'?,1
How many times does the letter 'l' appear in the word 'actually'?,2
How many times does the letter 'i' appear in the word 'microwave'?,1
How many times does the letter 'a' appear in the word 'statute'?,1
How many times does the letter 'p' appear in the word 'philadelphia'?,2
How many times does the letter 'x' appear in the word 'boxes'?,1
How many times does the letter 'm' appear in the word 'mem'?,2
How many times does the letter 'u' appear in the word 'url'?,1
How many times does the letter 's' appear in the word 'sig'?,1
How many times does the letter 's' appear in the word 'sunglasses'?,4
How many times does the letter 'r' appear in the word 'pharmacy'?,1
How many times does the letter 'n' appear in the word 'atlanta'?,1
How many times does the letter 'i' appear in the word 'predict'?,1
How many times does the letter 'k' appear in the word 'joke'?,1
How many times does the letter 'p' appear in the word 'peripherals'?,2
How many times does the letter 'a' appear in the word 'residential'?,1
How many times does the letter 'm' appear in the word 'moses'?,1
How many times does the letter 'e' appear in the word 'remains'?,1
How many times does the letter 'b' appear in the word 'hobbies'?,2
How many times does the letter 's' appear in the word 'nearest'?,1
How many times does the letter 'e' appear in the word 'stereo'?,2
How many times does the letter 'a' appear in the word 'participated'?,2
How many times does the letter 's' appear in the word 'postposted'?,2
How many times does the letter 't' appear in the word 'heat'?,1
How many times does the letter 'm' appear in the word 'sample'?,1
How many times does the letter 'r' appear in the word 'runtime'?,1
How many times does the letter 'a' appear in the word 'istanbul'?,1
How many times does the letter 'o' appear in the word 'classification'?,1
How many times does the letter 'e' appear in the word 'heel'?,2
How many times does the letter 'r' appear in the word 'circumstances'?,1
How many times does the letter 'a' appear in the word 'contrary'?,1
How many times does the letter 's' appear in the word 'stomach'?,1
How many times does the letter 'a' appear in the word 'instead'?,1
How many times does the letter 'g' appear in the word 'guatemala'?,1
How many times does the letter 'g' appear in the word 'regarding'?,2
How many times does the letter 'o' appear in the word 'occasions'?,2
How many times does the letter 'e' appear in the word 'kidney'?,1
How many times does the letter 'r' appear in the word 'lauderdale'?,1
How many times does the letter 's' appear in the word 'snowboard'?,1
How many times does the letter 'a' appear in the word 'itsa'?,1
How many times does the letter 'd' appear in the word 'responded'?,2
How many times does the letter 's' appear in the word 'si'?,1
How many times does the letter 'c' appear in the word 'cindy'?,1
How many times does the letter 'j' appear in the word 'jefferson'?,1
How many times does the letter 'p' appear in the word 'shopping'?,2
How many times does the letter 'a' appear in the word 'private'?,1
How many times does the letter 'r' appear in the word 'niagara'?,1
How many times does the letter 'y' appear in the word 'roy'?,1
How many times does the letter 'f' appear in the word 'flower'?,1
How many times does the letter 'a' appear in the word 'animation'?,2
How many times does the letter 'e' appear in the word 'comment'?,1
How many times does the letter 'w' appear in the word 'sw'?,1
How many times does the letter 'i' appear in the word 'kind'?,1
How many times does the letter 'e' appear in the word 'median'?,1
How many times does the letter 'g' appear in the word 'gnu'?,1
How many times does the letter 'm' appear in the word 'temp'?,1
How many times does the letter 's' appear in the word 'customized'?,1
How many times does the letter 's' appear in the word 'festival'?,1
How many times does the letter 'a' appear in the word 'marshall'?,2
How many times does the letter 'g' appear in the word 'kruger'?,1
How many times does the letter 'e' appear in the word 'rehab'?,1
How many times does the letter 'm' appear in the word 'manuals'?,1
How many times does the letter 'e' appear in the word 'reject'?,2
How many times does the letter 'l' appear in the word 'relaxation'?,1
How many times does the letter 'p' appear in the word 'tops'?,1
How many times does the letter 't' appear in the word 'junction'?,1
How many times does the letter 'c' appear in the word 'contracting'?,2
How many times does the letter 'i' appear in the word 'discounted'?,1
How many times does the letter 'r' appear in the word 'registry'?,2
How many times does the letter 'n' appear in the word 'election'?,1
How many times does the letter 'k' appear in the word 'breaking'?,1
How many times does the letter 'f' appear in the word 'effort'?,2
How many times does the letter 'a' appear in the word 'signal'?,1
How many times does the letter 'i' appear in the word 'regions'?,1
How many times does the letter 'a' appear in the word 'fireplace'?,1
How many times does the letter 'e' appear in the word 'basename'?,2
How many times does the letter 's' appear in the word 'cholesterol'?,1
How many times does the letter 'r' appear in the word 'offers'?,1
How many times does the letter 'r' appear in the word 'ordered'?,2
How many times does the letter 'e' appear in the word 'derek'?,2
How many times does the letter 'a' appear in the word 'factors'?,1
How many times does the letter 'b' appear in the word 'bye'?,1
How many times does the letter 'y' appear in the word 'pottery'?,1
How many times does the letter 't' appear in the word 'talk'?,1
How many times does the letter 'a' appear in the word 'gibraltar'?,2
How many times does the letter 'i' appear in the word 'imagination'?,3
How many times does the letter 'g' appear in the word 'forge'?,1
How many times does the letter 'p' appear in the word 'php'?,2
How many times does the letter 'r' appear in the word 'spencer'?,1
How many times does the letter 't' appear in the word 'cotton'?,2
How many times does the letter 'e' appear in the word 'expense'?,3
How many times does the letter 'a' appear in the word 'managing'?,2
How many times does the letter 'n' appear in the word 'nfl'?,1
How many times does the letter 'n' appear in the word 'near'?,1
How many times does the letter 'r' appear in the word 'controversy'?,2
How many times does the letter 'u' appear in the word 'chorus'?,1
How many times does the letter 'b' appear in the word 'above'?,1
How many times does the letter 'i' appear in the word 'diving'?,2
How many times does the letter 'r' appear in the word 'promised'?,1
How many times does the letter 's' appear in the word 'suse'?,2
How many times does the letter 'd' appear in the word 'ted'?,1
How many times does the letter 'o' appear in the word 'joint'?,1
How many times does the letter 'b' appear in the word 'boutique'?,1
How many times does the letter 'l' appear in the word 'lamb'?,1
How many times does the letter 'n' appear in the word 'quantum'?,1
How many times does the letter 'i' appear in the word 'editing'?,2
How many times does the letter 'a' appear in the word 'amd'?,1
How many times does the letter 'y' appear in the word 'railway'?,1
How many times does the letter 'd' appear in the word 'ideas'?,1
How many times does the letter 'e' appear in the word 'eq'?,1
How many times does the letter 'a' appear in the word 'railroad'?,2
How many times does the letter 'n' appear in the word 'writing'?,1
How many times does the letter 'e' appear in the word 'televisions'?,2
How many times does the letter 'l' appear in the word 'albums'?,1
How many times does the letter 'h' appear in the word 'huntington'?,1
How many times does the letter 'y' appear in the word 'territory'?,1
How many times does the letter 'a' appear in the word 'stand'?,1
How many times does the letter 'l' appear in the word 'naples'?,1
How many times does the letter 'a' appear in the word 'chapter'?,1
How many times does the letter 'i' appear in the word 'hiking'?,2
How many times does the letter 'r' appear in the word 'repository'?,2
How many times does the letter 'a' appear in the word 'waiting'?,1
How many times does the letter 'n' appear in the word 'sony'?,1
How many times does the letter 'e' appear in the word 'returns'?,1
How many times does the letter 'e' appear in the word 'arcade'?,1
How many times does the letter 'l' appear in the word 'trails'?,1
How many times does the letter 'w' appear in the word 'urw'?,1
How many times does the letter 'r' appear in the word 'erotic'?,1
How many times does the letter 'i' appear in the word 'internet'?,1
How many times does the letter 'n' appear in the word 'ancient'?,2
How many times does the letter 'h' appear in the word 'happen'?,1
How many times does the letter 'i' appear in the word 'simulations'?,2
How many times does the letter 'a' appear in the word 'internationally'?,2
How many times does the letter 's' appear in the word 'notices'?,1
How many times does the letter 'u' appear in the word 'disturbed'?,1
How many times does the letter 'a' appear in the word 'boat'?,1
How many times does the letter 'n' appear in the word 'nasdaq'?,1
How many times does the letter 'd' appear in the word 'lcd'?,1
How many times does the letter 'l' appear in the word 'overall'?,2
How many times does the letter 'b' appear in the word 'webster'?,1
How many times does the letter 'c' appear in the word 'closest'?,1
How many times does the letter 'r' appear in the word 'australia'?,1
How many times does the letter 'n' appear in the word 'ment'?,1
How many times does the letter 'i' appear in the word 'monitored'?,1
How many times does the letter 'i' appear in the word 'lighter'?,1
How many times does the letter 'n' appear in the word 'bacon'?,1
How many times does the letter 'f' appear in the word 'flip'?,1
How many times does the letter 'a' appear in the word 'ask'?,1
How many times does the letter 't' appear in the word 'transmitted'?,3
How many times does the letter 'e' appear in the word 'elder'?,2
How many times does the letter 'e' appear in the word 'sealed'?,2
How many times does the letter 'i' appear in the word 'chicken'?,1
How many times does the letter 'i' appear in the word 'activities'?,3
How many times does the letter 'n' appear in the word 'endorsed'?,1
How many times does the letter 'r' appear in the word 'raid'?,1
How many times does the letter 'l' appear in the word 'alot'?,1
How many times does the letter 'a' appear in the word 'acid'?,1
How many times does the letter 'p' appear in the word 'polar'?,1
How many times does the letter 'k' appear in the word 'suck'?,1
How many times does the letter 'b' appear in the word 'bukkake'?,1
How many times does the letter 'u' appear in the word 'rug'?,1
How many times does the letter 'r' appear in the word 'skirts'?,1
How many times does the letter 'o' appear in the word 'theoretical'?,1
How many times does the letter 'r' appear in the word 'spread'?,1
How many times does the letter 'a' appear in the word 'combination'?,1
How many times does the letter 'n' appear in the word 'finished'?,1
How many times does the letter 'p' appear in the word 'approx'?,2
How many times does the letter 'r' appear in the word 'crest'?,1
How many times does the letter 'u' appear in the word 'amount'?,1
How many times does the letter 'm' appear in the word 'matched'?,1
How many times does the letter 'l' appear in the word 'specials'?,1
How many times does the letter 'r' appear in the word 'chairman'?,1
How many times does the letter 'e' appear in the word 'lenses'?,2
How many times does the letter 'p' appear in the word 'polls'?,1
How many times does the letter 's' appear in the word 'surprised'?,2
How many times does the letter 't' appear in the word 'kit'?,1
How many times does the letter 'c' appear in the word 'overcome'?,1
How many times does the letter 'c' appear in the word 'disclaimer'?,1
How many times does the letter 'a' appear in the word 'aaron'?,2
How many times does the letter 'e' appear in the word 'cruises'?,1
How many times does the letter 'u' appear in the word 'journals'?,1
How many times does the letter 'b' appear in the word 'bee'?,1
How many times does the letter 'e' appear in the word 'produce'?,1
How many times does the letter 'm' appear in the word 'mysql'?,1
How many times does the letter 'i' appear in the word 'atlantic'?,1
How many times does the letter 'c' appear in the word 'alliance'?,1
How many times does the letter 'e' appear in the word 'continued'?,1
How many times does the letter 'a' appear in the word 'aug'?,1
How many times does the letter 'h' appear in the word 'thai'?,1
How many times does the letter 'o' appear in the word 'soc'?,1
How many times does the letter 'a' appear in the word 'watching'?,1
How many times does the letter 'v' appear in the word 'civil'?,1
How many times does the letter 'i' appear in the word 'limitation'?,3
How many times does the letter 'n' appear in the word 'rain'?,1
How many times does the letter 'e' appear in the word 'device'?,2
How many times does the letter 'c' appear in the word 'cry'?,1
How many times does the letter 'g' appear in the word 'proceedings'?,1
How many times does the letter 'd' appear in the word 'pda'?,1
How many times does the letter 's' appear in the word 'ones'?,1
How many times does the letter 'o' appear in the word 'properly'?,1
How many times does the letter 'e' appear in the word 'relevant'?,2
How many times does the letter 'c' appear in the word 'branches'?,1
How many times does the letter 'p' appear in the word 'appeals'?,2
How many times does the letter 'n' appear in the word 'orientation'?,2
How many times does the letter 'y' appear in the word 'you'?,1
How many times does the letter 'i' appear in the word 'adidas'?,1
How many times does the letter 'o' appear in the word 'comfort'?,2
How many times does the letter 'w' appear in the word 'fellowship'?,1
How many times does the letter 'e' appear in the word 'effects'?,2
How many times does the letter 'e' appear in the word 'somewhere'?,3
How many times does the letter 't' appear in the word 'representing'?,1
How many times does the letter 'm' appear in the word 'numbers'?,1
How many times does the letter 'i' appear in the word 'inf'?,1
How many times does the letter 'd' appear in the word 'lead'?,1
How many times does the letter 'l' appear in the word 'literacy'?,1
How many times does the letter 'i' appear in the word 'harris'?,1
How many times does the letter 'r' appear in the word 'preview'?,1
How many times does the letter 'p' appear in the word 'portuguese'?,1
How many times does the letter 'l' appear in the word 'literally'?,3
How many times does the letter 'o' appear in the word 'arnold'?,1
How many times does the letter 'j' appear in the word 'joyce'?,1
How many times does the letter 'n' appear in the word 'hampton'?,1
How many times does the letter 'f' appear in the word 'hartford'?,1
How many times does the letter 'e' appear in the word 'execute'?,3
How many times does the letter 'u' appear in the word 'punch'?,1
How many times does the letter 'a' appear in the word 'amber'?,1
How many times does the letter 'u' appear in the word 'kurt'?,1
How many times does the letter 'e' appear in the word 'enjoying'?,1
How many times does the letter 'l' appear in the word 'roll'?,2
How many times does the letter 'h' appear in the word 'church'?,2
How many times does the letter 'w' appear in the word 'ww'?,2
How many times does the letter 'r' appear in the word 'forgot'?,1
How many times does the letter 'i' appear in the word 'timing'?,2
How many times does the letter 'o' appear in the word 'separation'?,1
How many times does the letter 't' appear in the word 'assignment'?,1
How many times does the letter 't' appear in the word 'attitude'?,3
How many times does the letter 'e' appear in the word 'torture'?,1
How many times does the letter 'r' appear in the word 'served'?,1
How many times does the letter 'a' appear in the word 'gay'?,1
How many times does the letter 'i' appear in the word 'timothy'?,1
How many times does the letter 'l' appear in the word 'legal'?,2
How many times does the letter 's' appear in the word 'scored'?,1
How many times does the letter 'n' appear in the word 'uniprotkb'?,1
How many times does the letter 'c' appear in the word 'hitachi'?,1
How many times does the letter 't' appear in the word 'teaching'?,1
How many times does the letter 'n' appear in the word 'surgeon'?,1
How many times does the letter 'n' appear in the word 'commentary'?,1
How many times does the letter 'n' appear in the word 'direction'?,1
How many times does the letter 'l' appear in the word 'special'?,1
How many times does the letter 'v' appear in the word 'davis'?,1
How many times does the letter 'l' appear in the word 'highlights'?,1
How many times does the letter 't' appear in the word 'td'?,1
How many times does the letter 'g' appear in the word 'providing'?,1
How many times does the letter 'a' appear in the word 'loans'?,1
How many times does the letter 'd' appear in the word 'switched'?,1
How many times does the letter 'e' appear in the word 'superintendent'?,3
How many times does the letter 'j' appear in the word 'je'?,1
How many times does the letter 't' appear in the word 'youth'?,1
How many times does the letter 'q' appear in the word 'quad'?,1
How many times does the letter 'e' appear in the word 'egg'?,1
How many times does the letter 'w' appear in the word 'workflow'?,2
How many times does the letter 'r' appear in the word 'worthy'?,1
How many times does the letter 't' appear in the word 'coordinated'?,1
How many times does the letter 'o' appear in the word 'howto'?,2
How many times does the letter 't' appear in the word 'movement'?,1
How many times does the letter 't' appear in the word 'court'?,1
How many times does the letter 'd' appear in the word 'administered'?,2
How many times does the letter 'l' appear in the word 'la'?,1
How many times does the letter 'l' appear in the word 'silicon'?,1
How many times does the letter 'l' appear in the word 'till'?,2
How many times does the letter 'j' appear in the word 'jelsoft'?,1
How many times does the letter 't' appear in the word 'thee'?,1
How many times does the letter 'u' appear in the word 'run'?,1
How many times does the letter 'i' appear in the word 'wired'?,1
How many times does the letter 'n' appear in the word 'treatments'?,1
How many times does the letter 'e' appear in the word 'nose'?,1
How many times does the letter 'v' appear in the word 'variance'?,1
How many times does the letter 'p' appear in the word 'parcel'?,1
How many times does the letter 'a' appear in the word 'failed'?,1
How many times does the letter 'e' appear in the word 'rentcom'?,1
How many times does the letter 'r' appear in the word 'entrepreneur'?,3
How many times does the letter 'r' appear in the word 'carey'?,1
How many times does the letter 'l' appear in the word 'influenced'?,1
How many times does the letter 'm' appear in the word 'may'?,1
How many times does the letter 'l' appear in the word 'lodging'?,1
How many times does the letter 'e' appear in the word 'infinite'?,1
How many times does the letter 'o' appear in the word 'coin'?,1
How many times does the letter 'b' appear in the word 'colombia'?,1
How many times does the letter 'g' appear in the word 'pig'?,1
How many times does the letter 'e' appear in the word 'piece'?,2
How many times does the letter 'n' appear in the word 'wooden'?,1
How many times does the letter 'b' appear in the word 'hebrew'?,1
How many times does the letter 's' appear in the word 'updates'?,1
How many times does the letter 'e' appear in the word 'lewis'?,1
How many times does the letter 'a' appear in the word 'a'?,1
How many times does the letter 'l' appear in the word 'comply'?,1
How many times does the letter 'v' appear in the word 'arrive'?,1
How many times does the letter 'd' appear in the word 'ampland'?,1
How many times does the letter 'd' appear in the word 'president'?,1
How many times does the letter 'h' appear in the word 'what'?,1
How many times does the letter 'd' appear in the word 'devices'?,1
How many times does the letter 'i' appear in the word 'findings'?,2
How many times does the letter 'a' appear in the word 'apple'?,1
How many times does the letter 'n' appear in the word 'engines'?,2
How many times does the letter 'o' appear in the word 'reactions'?,1
How many times does the letter 'd' appear in the word 'verified'?,1
How many times does the letter 'o' appear in the word 'schools'?,2
How many times does the letter 'p' appear in the word 'phys'?,1
How many times does the letter 'a' appear in the word 'diagram'?,2
How many times does the letter 'a' appear in the word 'addressing'?,1
How many times does the letter 'n' appear in the word 'fund'?,1
How many times does the letter 'l' appear in the word 'carroll'?,2
How many times does the letter 'v' appear in the word 'olive'?,1
How many times does the letter 'j' appear in the word 'jurisdiction'?,1
How many times does the letter 'n' appear in the word 'isolation'?,1
How many times does the letter 'i' appear in the word 'medicines'?,2
How many times does the letter 'a' appear in the word 'caused'?,1
How many times does the letter 'e' appear in the word 'heading'?,1
How many times does the letter 'i' appear in the word 'attribute'?,1
How many times does the letter 'd' appear in the word 'side'?,1
How many times does the letter 'a' appear in the word 'hawk'?,1
How many times does the letter 's' appear in the word 'assist'?,3
How many times does the letter 'e' appear in the word 'surrey'?,1
How many times does the letter 'i' appear in the word 'estimation'?,2
How many times does the letter 't' appear in the word 'enter'?,1
How many times does the letter 'g' appear in the word 'goods'?,1
How many times does the letter 'm' appear in the word 'moderate'?,1
How many times does the letter 'a' appear in the word 'creature'?,1
How many times does the letter 'r' appear in the word 'courage'?,1
How many times does the letter 't' appear in the word 'prostate'?,2
How many times does the letter 'e' appear in the word 'espn'?,1
How many times does the letter 'e' appear in the word 'tribute'?,1
How many times does the letter 't' appear in the word 'top'?,1
How many times does the letter 'd' appear in the word 'dressed'?,2
How many times does the letter 'z' appear in the word 'liz'?,1
How many times does the letter 's' appear in the word 'mpegs'?,1
How many times does the letter 'c' appear in the word 'col'?,1
How many times does the letter 'a' appear in the word 'alcohol'?,1
How many times does the letter 's' appear in the word 'licenses'?,2
How many times does the letter 's' appear in the word 'societies'?,2
How many times does the letter 'r' appear in the word 'gras'?,1
How many times does the letter 'h' appear in the word 'bandwidth'?,1
How many times does the letter 'n' appear in the word 'range'?,1
How many times does the letter 'g' appear in the word 'staffing'?,1
How many times does the letter 'a' appear in the word 'explains'?,1
How many times does the letter 'u' appear in the word 'hurricane'?,1
How many times does the letter 'd' appear in the word 'id'?,1
How many times does the letter 'h' appear in the word 'although'?,2
How many times does the letter 'o' appear in the word 'sharon'?,1
How many times does the letter 'e' appear in the word 'complement'?,2
How many times does the letter 'e' appear in the word 'desperate'?,3
How many times does the letter 'k' appear in the word 'working'?,1
How many times does the letter 'i' appear in the word 'violence'?,1
How many times does the letter 'o' appear in the word 'boulder'?,1
How many times does the letter 's' appear in the word 'specialized'?,1
How many times does the letter 'c' appear in the word 'recycling'?,2
How many times does the letter 'b' appear in the word 'both'?,1
How many times does the letter 'a' appear in the word 'actor'?,1
How many times does the letter 'r' appear in the word 'moisture'?,1
How many times does the letter 'y' appear in the word 'cayman'?,1
How many times does the letter 'e' appear in the word 'cleaners'?,2
How many times does the letter 's' appear in the word 'lose'?,1
How many times does the letter 't' appear in the word 'britannica'?,1
How many times does the letter 'a' appear in the word 'qualities'?,1
How many times does the letter 'i' appear in the word 'chip'?,1
How many times does the letter 'w' appear in the word 'bowling'?,1
How many times does the letter 'e' appear in the word 'nowhere'?,2
How many times does the letter 'i' appear in the word 'supervisors'?,1
How many times does the letter 'p' appear in the word 'spanish'?,1
How many times does the letter 'n' appear in the word 'sans'?,1
How many times does the letter 'w' appear in the word 'now'?,1
How many times does the letter 't' appear in the word 'table'?,1
How many times does the letter 'c' appear in the word 'syndicate'?,1
How many times does the letter 'c' appear in the word 'closing'?,1
How many times does the letter 'i' appear in the word 'iv'?,1
How many times does the letter 'e' appear in the word 'february'?,1
How many times does the letter 'e' appear in the word 'franchise'?,1
How many times does the letter 'o' appear in the word 'clock'?,1
How many times does the letter 'i' appear in the word 'abilities'?,3
How many times does the letter 'e' appear in the word 'note'?,1
How many times does the letter 'n' appear in the word 'pending'?,2
How many times does the letter 'y' appear in the word 'healthy'?,1
How many times does the letter 's' appear in the word 'suzuki'?,1
How many times does the letter 'n' appear in the word 'noon'?,2
How many times does the letter 'i' appear in the word 'asin'?,1
How many times does the letter 'a' appear in the word 'trains'?,1
How many times does the letter 'n' appear in the word 'commissions'?,1
How many times does the letter 'g' appear in the word 'sterling'?,1
How many times does the letter 'b' appear in the word 'keyboard'?,1
How many times does the letter 'c' appear in the word 'ci'?,1
How many times does the letter 'r' appear in the word 'secretariat'?,2
How many times does the letter 'o' appear in the word 'victory'?,1
How many times does the letter 'd' appear in the word 'dv'?,1
How many times does the letter 'm' appear in the word 'mas'?,1
How many times does the letter 'd' appear in the word 'flood'?,1
How many times does the letter 'r' appear in the word 'support'?,1
How many times does the letter 'n' appear in the word 'broadcasting'?,1
How many times does the letter 'd' appear in the word 'period'?,1
How many times does the letter 'o' appear in the word 'too'?,2
How many times does the letter 't' appear in the word 'rhythm'?,1
How many times does the letter 'm' appear in the word 'some'?,1
How many times does the letter 'n' appear in the word 'inn'?,2
How many times does the letter 'e' appear in the word 'tracked'?,1
How many times does the letter 'a' appear in the word 'payable'?,2
How many times does the letter 'v' appear in the word 'movie'?,1
How many times does the letter 'b' appear in the word 'bucks'?,1
How many times does the letter 'n' appear in the word 'remind'?,1
How many times does the letter 'd' appear in the word 'stood'?,1
How many times does the letter 'i' appear in the word 'biological'?,2
How many times does the letter 'd' appear in the word 'render'?,1
How many times does the letter 't' appear in the word 'accepted'?,1
How many times does the letter 'r' appear in the word 'research'?,2
How many times does the letter 'i' appear in the word 'ringtone'?,1
How many times does the letter 'x' appear in the word 'inbox'?,1
How many times does the letter 't' appear in the word 'oct'?,1
How many times does the letter 'g' appear in the word 'rugs'?,1
How many times does the letter 'i' appear in the word 'visibility'?,4
How many times does the letter 'h' appear in the word 'shot'?,1
How many times does the letter 'r' appear in the word 'proceeding'?,1
How many times does the letter 'm' appear in the word 'ml'?,1
How many times does the letter 'a' appear in the word 'ass'?,1
How many times does the letter 'o' appear in the word 'wisdom'?,1
How many times does the letter 'z' appear in the word 'hazardous'?,1
How many times does the letter 'i' appear in the word 'rio'?,1
How many times does the letter 'p' appear in the word 'helped'?,1
How many times does the letter 'h' appear in the word 'ethics'?,1
How many times does the letter 'k' appear in the word 'kenny'?,1
How many times does the letter 'u' appear in the word 'yu'?,1
How many times does the letter 'd' appear in the word 'replaced'?,1
How many times does the letter 'r' appear in the word 'comparison'?,1
How many times does the letter 'r' appear in the word 'traditional'?,1
How many times does the letter 'o' appear in the word 'keno'?,1
How many times does the letter 'a' appear in the word 'dan'?,1
How many times does the letter 'p' appear in the word 'cap'?,1
How many times does the letter 'e' appear in the word 'dressing'?,1
How many times does the letter 'f' appear in the word 'fs'?,1
How many times does the letter 'r' appear in the word 'soldiers'?,1
How many times does the letter 'v' appear in the word 'navigation'?,1
How many times does the letter 't' appear in the word 'attacks'?,2
How many times does the letter 't' appear in the word 'accidents'?,1
How many times does the letter 'p' appear in the word 'disappointed'?,2
How many times does the letter 's' appear in the word 'consistency'?,2
How many times does the letter 'a' appear in the word 'craig'?,1
How many times does the letter 'c' appear in the word 'lc'?,1
How many times does the letter 'f' appear in the word 'familiar'?,1
How many times does the letter 'n' appear in the word 'engine'?,2
How many times does the letter 'y' appear in the word 'syracuse'?,1
How many times does the letter 'f' appear in the word 'transform'?,1
How many times does the letter 'o' appear in the word 'carlo'?,1
How many times does the letter 'l' appear in the word 'mostly'?,1
How many times does the letter 'p' appear in the word 'upon'?,1
How many times does the letter 'p' appear in the word 'expiration'?,1
How many times does the letter 'e' appear in the word 'other'?,1
How many times does the letter 'r' appear in the word 'customers'?,1
How many times does the letter 'g' appear in the word 'nitrogen'?,1
How many times does the letter 's' appear in the word 'browsers'?,2
How many times does the letter 'i' appear in the word 'tamil'?,1
How many times does the letter 'n' appear in the word 'extends'?,1
How many times does the letter 's' appear in the word 'emphasis'?,2
How many times does the letter 'e' appear in the word 'feel'?,2
How many times does the letter 'd' appear in the word 'printed'?,1
How many times does the letter 'r' appear in the word 'birds'?,1
How many times does the letter 't' appear in the word 'stuart'?,2
How many times does the letter 'b' appear in the word 'bahamas'?,1
How many times does the letter 'e' appear in the word 'res'?,1
How many times does the letter 'f' appear in the word 'facts'?,1
How many times does the letter 'i' appear in the word 'kevin'?,1
How many times does the letter 'u' appear in the word 'und'?,1
How many times does the letter 'n' appear in the word 'invision'?,2
How many times does the letter 's' appear in the word 'substances'?,3
How many times does the letter 'b' appear in the word 'bundle'?,1
How many times does the letter 'g' appear in the word 'images'?,1
How many times does the letter 'n' appear in the word 'novel'?,1
How many times does the letter 'c' appear in the word 'discount'?,1
How many times does the letter 'd' appear in the word 'discrete'?,1
How many times does the letter 'v' appear in the word 'surveys'?,1
How many times does the letter 'l' appear in the word 'reasonable'?,1
How many times does the letter 'a' appear in the word 'fear'?,1
How many times does the letter 'e' appear in the word 'recently'?,2
How many times does the letter 'r' appear in the word 'wonderful'?,1
How many times does the letter 'm' appear in the word 'metals'?,1
How many times does the letter 'i' appear in the word 'window'?,1
How many times does the letter 'a' appear in the word 'morgan'?,1
How many times does the letter 's' appear in the word 'stone'?,1
How many times does the letter 'p' appear in the word 'ppm'?,2
How many times does the letter 'h' appear in the word 'charleston'?,1
How many times does the letter 'h' appear in the word 'length'?,1
How many times does the letter 'i' appear in the word 'rides'?,1
How many times does the letter 'i' appear in the word 'tonight'?,1
How many times does the letter 's' appear in the word 'sessions'?,4
How many times does the letter 'i' appear in the word 'definitions'?,3
How many times does the letter 't' appear in the word 'asset'?,1
How many times does the letter 'e' appear in the word 'flesh'?,1
How many times does the letter 'e' appear in the word 'river'?,1
How many times does the letter 'r' appear in the word 'theory'?,1
How many times does the letter 'b' appear in the word 'bed'?,1
How many times does the letter 'd' appear in the word 'amended'?,2
How many times does the letter 'p' appear in the word 'pic'?,1
How many times does the letter 'h' appear in the word 'thomas'?,1
How many times does the letter 's' appear in the word 'represents'?,2
How many times does the letter 'y' appear in the word 'ecology'?,1
How many times does the letter 't' appear in the word 'kate'?,1
How many times does the letter 'f' appear in the word 'flyer'?,1
How many times does the letter 'g' appear in the word 'gig'?,2
How many times does the letter 'a' appear in the word 'read'?,1
How many times does the letter 's' appear in the word 'movers'?,1
How many times does the letter 'a' appear in the word 'abstract'?,2
How many times does the letter 'm' appear in the word 'ceramic'?,1
How many times does the letter 's' appear in the word 'clocks'?,1
How many times does the letter 'd' appear in the word 'dating'?,1
How many times does the letter 'g' appear in the word 'tobago'?,1
How many times does the letter 'r' appear in the word 'ur'?,1
How many times does the letter 'r' appear in the word 'anger'?,1
How many times does the letter 'u' appear in the word 'mountains'?,1
How many times does the letter 'e' appear in the word 'meet'?,2
How many times does the letter 'w' appear in the word 'twist'?,1
How many times does the letter 'r' appear in the word 'circus'?,1
How many times does the letter 'b' appear in the word 'bars'?,1
How many times does the letter 't' appear in the word 'newcastle'?,1
How many times does the letter 'p' appear in the word 'supervision'?,1
How many times does the letter 'x' appear in the word 'indexes'?,1
How many times does the letter 'r' appear in the word 'meter'?,1
How many times does the letter 'y' appear in the word 'ty'?,1
How many times does the letter 'i' appear in the word 'mild'?,1
How many times does the letter 'e' appear in the word 'online'?,1
How many times does the letter 'n' appear in the word 'damn'?,1
How many times does the letter 'm' appear in the word 'zoom'?,1
How many times does the letter 'r' appear in the word 'retained'?,1
How many times does the letter 't' appear in the word 'brutal'?,1
How many times does the letter 'l' appear in the word 'nhl'?,1
How many times does the letter 'a' appear in the word 'legitimate'?,1
How many times does the letter 'p' appear in the word 'development'?,1
How many times does the letter 'c' appear in the word 'healthcare'?,1
How many times does the letter 'a' appear in the word 'meant'?,1
How many times does the letter 'i' appear in the word 'mice'?,1
How many times does the letter 'a' appear in the word 'specially'?,1
How many times does the letter 'a' appear in the word 'mustang'?,1
How many times does the letter 'e' appear in the word 'subsection'?,1
How many times does the letter 'r' appear in the word 'rows'?,1
How many times does the letter 's' appear in the word 'nested'?,1
How many times does the letter 'u' appear in the word 'brunswick'?,1
How many times does the letter 's' appear in the word 'synthesis'?,3
How many times does the letter 'v' appear in the word 'slovakia'?,1
How many times does the letter 'u' appear in the word 'during'?,1
How many times does the letter 'r' appear in the word 'york'?,1
How many times does the letter 'r' appear in the word 'surname'?,1
How many times does the letter 'l' appear in the word 'philosophy'?,1
How many times does the letter 'd' appear in the word 'dutch'?,1
How many times does the letter 's' appear in the word 'resolutions'?,2
How many times does the letter 'v' appear in the word 'cv'?,1
How many times does the letter 'n' appear in the word 'currencies'?,1
How many times does the letter 'i' appear in the word 'nine'?,1
How many times does the letter 'n' appear in the word 'bargains'?,1
How many times does the letter 'a' appear in the word 'bibliographic'?,1
How many times does the letter 'm' appear in the word 'olympic'?,1
How many times does the letter 'd' appear in the word 'delta'?,1
How many times does the letter 's' appear in the word 'profits'?,1
How many times does the letter 'e' appear in the word 'tournaments'?,1
How many times does the letter 'd' appear in the word 'broader'?,1
How many times does the letter 'o' appear in the word 'shoppercom'?,2
How many times does the letter 'v' appear in the word 'motivated'?,1
How many times does the letter 'k' appear in the word 'kde'?,1
How many times does the letter 'i' appear in the word 'facing'?,1
How many times does the letter 'h' appear in the word 'thickness'?,1
How many times does the letter 's' appear in the word 'cluster'?,1
How many times does the letter 't' appear in the word 'detail'?,1
How many times does the letter 'n' appear in the word 'fundamentals'?,2
How many times does the letter 'o' appear in the word 'software'?,1
How many times does the letter 'a' appear in the word 'allan'?,2
How many times does the letter 'a' appear in the word 'cingular'?,1
How many times does the letter 'p' appear in the word 'physiology'?,1
How many times does the letter 'l' appear in the word 'sol'?,1
How many times does the letter 'i' appear in the word 'recommendations'?,1
How many times does the letter 'u' appear in the word 'customise'?,1
How many times does the letter 'r' appear in the word 'relay'?,1
How many times does the letter 's' appear in the word 'specific'?,1
How many times does the letter 'n' appear in the word 'concern'?,2
How many times does the letter 'n' appear in the word 'learn'?,1
How many times does the letter 'o' appear in the word 'o'?,1
How many times does the letter 'h' appear in the word 'ashley'?,1
How many times does the letter 'i' appear in the word 'allied'?,1
How many times does the letter 's' appear in the word 'issn'?,2
How many times does the letter 'r' appear in the word 'ross'?,1
How many times does the letter 'c' appear in the word 'pace'?,1
How many times does the letter 'd' appear in the word 'adventure'?,1
How many times does the letter 'a' appear in the word 'alerts'?,1
How many times does the letter 'n' appear in the word 'interval'?,1
How many times does the letter 'i' appear in the word 'provisions'?,2
How many times does the letter 's' appear in the word 'fast'?,1
How many times does the letter 'o' appear in the word 'solar'?,1
How many times does the letter 'n' appear in the word 'alternatives'?,1
How many times does the letter 'i' appear in the word 'plugins'?,1
How many times does the letter 'g' appear in the word 'vegetable'?,1
How many times does the letter 'a' appear in the word 'hard'?,1
How many times does the letter 'l' appear in the word 'airlines'?,1
How many times does the letter 'a' appear in the word 'al'?,1
How many times does the letter 'a' appear in the word 'bras'?,1
How many times does the letter 'j' appear in the word 'joe'?,1
How many times does the letter 'c' appear in the word 'coaching'?,2
How many times does the letter 'a' appear in the word 'accommodations'?,2
How many times does the letter 'p' appear in the word 'compatibility'?,1
How many times does the letter 'o' appear in the word 'screenshot'?,1
How many times does the letter 'd' appear in the word 'featured'?,1
How many times does the letter 'e' appear in the word 'parent'?,1
How many times does the letter 'u' appear in the word 'hub'?,1
How many times does the letter 'i' appear in the word 'behind'?,1
How many times does the letter 'y' appear in the word 'byte'?,1
How many times does the letter 's' appear in the word 'tennessee'?,2
How many times does the letter 'i' appear in the word 'multi'?,1
How many times does the letter 'n' appear in the word 'mission'?,1
How many times does the letter 's' appear in the word 'shoot'?,1
How many times does the letter 'r' appear in the word 'cornwall'?,1
How many times does the letter 'l' appear in the word 'lg'?,1
How many times does the letter 'r' appear in the word 'airports'?,2
How many times does the letter 'p' appear in the word 'perry'?,1
How many times does the letter 'i' appear in the word 'captain'?,1
How many times does the letter 's' appear in the word 'promises'?,2
How many times does the letter 'i' appear in the word 'correlation'?,1
How many times does the letter 'i' appear in the word 'chips'?,1
How many times does the letter 'o' appear in the word 'coding'?,1
How many times does the letter 'd' appear in the word 'spending'?,1
How many times does the letter 'i' appear in the word 'printer'?,1
How many times does the letter 'a' appear in the word 'ima'?,1
How many times does the letter 'e' appear in the word 'democrat'?,1
How many times does the letter 'g' appear in the word 'ensuring'?,1
How many times does the letter 'z' appear in the word 'maximize'?,1
How many times does the letter 'n' appear in the word 'functions'?,2
How many times does the letter 'i' appear in the word 'site'?,1
How many times does the letter 'n' appear in the word 'lynn'?,2
How many times does the letter 'i' appear in the word 'willing'?,2
How many times does the letter 'n' appear in the word 'apparent'?,1
How many times does the letter 'e' appear in the word 'screensaver'?,3
How many times does the letter 'd' appear in the word 'sustained'?,1
How many times does the letter 'd' appear in the word 'saturday'?,1
How many times does the letter 'o' appear in the word 'columbia'?,1
How many times does the letter 's' appear in the word 'positions'?,2
How many times does the letter 'b' appear in the word 'isbn'?,1
How many times does the letter 'c' appear in the word 'gmc'?,1
How many times does the letter 'y' appear in the word 'clay'?,1
How many times does the letter 'o' appear in the word 'exceptions'?,1
How many times does the letter 't' appear in the word 'authors'?,1
How many times does the letter 'r' appear in the word 'heroes'?,1
How many times does the letter 'a' appear in the word 'indian'?,1
How many times does the letter 'p' appear in the word 'applicant'?,2
How many times does the letter 'o' appear in the word 'monica'?,1
How many times does the letter 'e' appear in the word 'reserve'?,3
How many times does the letter 's' appear in the word 'industry'?,1
How many times does the letter 'w' appear in the word 'wayne'?,1
How many times does the letter 'i' appear in the word 'aluminium'?,2
How many times does the letter 'r' appear in the word 'brings'?,1
How many times does the letter 'n' appear in the word 'len'?,1
How many times does the letter 't' appear in the word 'cast'?,1
How many times does the letter 'h' appear in the word 'phrase'?,1
How many times does the letter 'e' appear in the word 'character'?,1
How many times does the letter 'r' appear in the word 'parameters'?,2
How many times does the letter 'n' appear in the word 'andy'?,1
How many times does the letter 'n' appear in the word 'answering'?,2
How many times does the letter 'l' appear in the word 'cleanup'?,1
How many times does the letter 'n' appear in the word 'even'?,1
How many times does the letter 'c' appear in the word 'cited'?,1
How many times does the letter 'o' appear in the word 'methodology'?,3
How many times does the letter 't' appear in the word 'str'?,1
How many times does the letter 'o' appear in the word 'motherboard'?,2
How many times does the letter 'v' appear in the word 'loving'?,1
How many times does the letter 'l' appear in the word 'psychology'?,1
How many times does the letter 'm' appear in the word 'terrorism'?,1
How many times does the letter 'n' appear in the word 'representations'?,2
How many times does the letter 'l' appear in the word 'volumes'?,1
How many times does the letter 't' appear in the word 'trees'?,1
How many times does the letter 'l' appear in the word 'clients'?,1
How many times does the letter 'e' appear in the word 'declaration'?,1
How many times does the letter 't' appear in the word 'stated'?,2
How many times does the letter 'i' appear in the word 'algorithm'?,1
How many times does the letter 'i' appear in the word 'designed'?,1
How many times does the letter 'i' appear in the word 'mathematical'?,1
How many times does the letter 'p' appear in the word 'jeep'?,1
How many times does the letter 'c' appear in the word 'correction'?,2
How many times does the letter 'l' appear in the word 'republic'?,1
How many times does the letter 'e' appear in the word 'implemented'?,3
How many times does the letter 'd' appear in the word 'sides'?,1
How many times does the letter 'u' appear in the word 'summit'?,1
How many times does the letter 's' appear in the word 'slut'?,1
How many times does the letter 'a' appear in the word 'demands'?,1
How many times does the letter 't' appear in the word 'ta'?,1
How many times does the letter 'p' appear in the word 'cups'?,1
How many times does the letter 'e' appear in the word 'gathered'?,2
How many times does the letter 'i' appear in the word 'wide'?,1
How many times does the letter 'n' appear in the word 'zone'?,1
How many times does the letter 'o' appear in the word 'yorkshire'?,1
How many times does the letter 'r' appear in the word 'recording'?,2
How many times does the letter 'a' appear in the word 'casa'?,2
How many times does the letter 'e' appear in the word 'escape'?,2
How many times does the letter 'g' appear in the word 'graduation'?,1
How many times does the letter 'f' appear in the word 'plaintiff'?,2
How many times does the letter 'm' appear in the word 'excitement'?,1
How many times does the letter 'n' appear in the word 'connection'?,3
How many times does the letter 'g' appear in the word 'rough'?,1
